[{"id":1,"nome":"Arroz de lentilhas com cebolas fritas","descricao":"Receita \u00e9 muito f\u00e1cil de fazer e ainda traz sorte para come\u00e7ar o ano","foto":"https:\/\/rafaelescalfoni.github.io\/desenv_web\/img\/arroz_de_lentilhas_com_cebolas_fritas.jpg","preparo":["Pique a cebola e frite no \u00f3leo at\u00e9 que fique escura.","Acrescente a \u00e1gua e deixe ferver.","Acrescente a lentilha e cozinhe at\u00e9 que comece a amolecer.","Adicione o arroz lavado e refogado na cebola e no alho e tempere com sal.","Deixe em fogo baixo at\u00e9 o ponto de cozimento do arroz.","Desligue o fogo e regue com azeite."],"ingredientes":["1kg de cebola","250ml de \u00f3leo de soja","1 litro de \u00e1gua","500g de lentilhas","500g de arroz","Sal (a gosto)","Azeite"]},{"id":2,"nome":"Arroz com ma\u00e7\u00e3 e am\u00eandoas","descricao":"Receita natalina tem toque especial de curry que deixa o arroz douradinho","foto":"https:\/\/rafaelescalfoni.github.io\/desenv_web\/img\/sitearroz_dourado_credito_renato_schetter_2.jpg","preparo":["Frite a cebola no azeite, acrescente o curry e o arroz.","Em seguida, adicione o vinho deixando evaporar.","Inclua o caldo e deixe cozinhar o arroz at\u00e9 evaporar toda a \u00e1gua.","Acrescente as ma\u00e7\u00e3s e as am\u00eandoas no final."],"ingredientes":["300g de arroz parbolizado","1 colher (sopa) de azeite","1 cebola picada","1 colher (caf\u00e9) de curry","80 ml de vinho branco","600ml de caldo de legumes dissolvido em \u00e1gua","2 ma\u00e7\u00e3s m\u00e9dias cortada em cubos","50g de am\u00eandoas partidas torradas","Sal a gosto"]},{"id":3,"nome":"Arroz de pato com laranja","descricao":"Veja como \u00e9 f\u00e1cil preparar esse prato que, al\u00e9m das frutas, leva lingui\u00e7a","foto":"https:\/\/rafaelescalfoni.github.io\/desenv_web\/img\/arroz_de_pato_com_laranja_rampinha_.jpg","preparo":["Frite a cebola no azeite, acrescente o curry e o arroz.","Em seguida, adicione o vinho deixando evaporar.","Inclua o caldo e deixe cozinhar o arroz at\u00e9 evaporar toda a \u00e1gua.","Acrescente as ma\u00e7\u00e3s e as am\u00eandoas no final."],"ingredientes":["400g de peito de pato sem pele e sem gordura, desfiado bem fino","2 colheres (sopa) de azeite","2 dentes de alho","1 cebola picada","\u00bd tomate picado","\u00bd litro de \u00e1gua","1 tablete de caldo de carne","1 lingui\u00e7a calabresa ou toscana","\u00bd copo de arroz","100g de queijo ralado","Laranjas (para decorar)"]},{"id":4,"nome":"Arroz de coco com lombo su\u00edno para a ceia de Natal","descricao":"Aprenda a fazer acompanhamento que leva tamb\u00e9m am\u00eandoas e nozes","foto":"https:\/\/rafaelescalfoni.github.io\/desenv_web\/img\/arroz_coco_suino.png","preparo":["Cozinhe o arroz com um fio de \u00f3leo.","Na metade do cozimento, adicione o leite de coco e acerte o sal.","Reserve.","Numa frigideira grande, aque\u00e7a um fio de \u00f3leo e frite o lombo su\u00edno temperado somente com sal.","Acrescente os piment\u00f5es, a cebola e a manteiga.","Peneire o a\u00e7\u00facar e deixe caramelizar, sem queimar.","Adicione o arroz, as am\u00eandoas, as nozes e as passas, acertando o sal em seguida.","Finaliza com o manjeric\u00e3o e o coco desidratado."],"ingredientes":["550g de arroz tipo agulhinha","40g de \u00f3leo","Sal a gosto","200ml de leite de coco","350g de lombo su\u00edno (cortado em cubos)","40g de piment\u00e3o vermelho","40g de piment\u00e3o amarelo","50g de cebola roxa","50g de manteiga","75g de coco desidratado","25g de uvas-passas pretas","250g de nozes","50g de am\u00eandoas","50g de a\u00e7\u00facar","Manjeric\u00e3o a gosto"]},{"id":5,"nome":"Arroz de lim\u00e3o-siciliano com am\u00eandoas e tomate cereja","descricao":"Arroz cremoso tem toque especial da s\u00e1lvia refogada na manteiga. Aprenda","foto":"https:\/\/rafaelescalfoni.github.io\/desenv_web\/img\/arroz_limao.png","preparo":["Numa panela, refogue a s\u00e1lvia na manteiga e acrescente o creme de leite fresco.","Adicione o suco de lim\u00e3o coado e mexa bastante, temperando com sal e pimenta.","Misture o arroz j\u00e1 cozido e adicione as am\u00eandoas.","Enfeite com tomates cereja levemente aquecido e cebolinha picada."],"ingredientes":["1 colher (sopa) de \u00f3leo de girassol","1 dente de alho picado","1\/2 cebola pequena ralada","1 e 1\/2 x\u00edcaras (ch\u00e1) de arroz cru","Sal a gosto","3 x\u00edcaras (ch\u00e1) de \u00e1gua fervente","250ml de creme de leite fresco","50ml de suco de lim\u00e3o-siciliano","150g de am\u00eandoas torradas e picadas em lascas","1\/2 bandeja pequena de tomate cereja","1 molho pequeno de s\u00e1lvia (s\u00f3 as folhas)","1 colher (sopa) de manteiga sem sal","Salsa e cebolinha picadas a gosto","Rodelas de lim\u00e3o-siciliano (para decorar)"]},{"id":6,"nome":"Arroz natalino com champanhe","descricao":"Receita sofisticada com champanhe e macad\u00e2mia serve tamb\u00e9m para o Ano Novo","foto":"https:\/\/rafaelescalfoni.github.io\/desenv_web\/img\/arroz_champanhe.png","preparo":["Numa panela, aque\u00e7a o \u00f3leo, doure a cebola, acrescente a manteiga e, depois, o alho.","Junte o arroz, misture bem e tempere com sal. Adicione a \u00e1gua e o espumante e cozinhe at\u00e9 secar.","Retire do fogo e misture a macad\u00e2mia, enfeitando com salsa e cebolinha."],"ingredientes":["1 colheres (sopa) de \u00f3leo de girassol","1 dente de alho picado","1\/2 cebola pequena ralada","1 1\/2 x\u00edcaras (ch\u00e1) de arroz cru","Sal (a gosto)","2 x\u00edcaras (ch\u00e1) de \u00e1gua fervente","1 x\u00edcara (ch\u00e1) de champanhe (ou espumante) seco","1 x\u00edcara (ch\u00e1) de macad\u00e2mia ligeiramente picada","Salsa e cebolinha picadas para decora\u00e7\u00e3o (a gosto)","1 colher (sopa) de manteiga"]},{"id":7,"nome":"Arroz natalino f\u00e1cil de fazer, com nozes, castanhas e frutas secas","descricao":"Veja como fazer receita f\u00e1cil com mix de frutas secas e castanhas picadas","foto":"https:\/\/rafaelescalfoni.github.io\/desenv_web\/img\/arroz_nozes.png","preparo":["Em uma panela, doure as frutas na manteiga, com exce\u00e7\u00e3o das t\u00e2maras e damascos.","Misture com as am\u00eandoas e continue mexendo bem.","Acrescente o arroz cozido, as t\u00e2maras e o damasco, e mexa mais um pouco.","Enfeite com algumas frutas inteiras, salsa a cebolinha."],"ingredientes":["1 dente de alho picado","1\/2 cebola pequena ralada","1 e 1\/2 x\u00edcara (ch\u00e1) de arroz cru","Sal a gosto","3 x\u00edcaras (ch\u00e1) de \u00e1gua fervente","150g de castanhas picadas (nozes, am\u00eandoas, avel\u00e3 e castanha-do-par\u00e1)","150g de frutas secas picadas (damasco, t\u00e2mara e pera)","1 colher (sopa) de manteiga sem sal","Salsa e cebolinha picadas a gosto"]},{"id":8,"nome":"Arroz negro com frutos do mar para surpreender na ceia de Natal","descricao":"Receita natalina com uva-passa branca e nozes combina bem com peixes","foto":"https:\/\/rafaelescalfoni.github.io\/desenv_web\/img\/arroz_negro.png","preparo":["Refogue o alho e a cebola incluindo as nozes e o vinho branco.","Quando desidratar, acrescente caldo de legumes.","Corrija o sabor com o sal e coloque o arroz negro, incluindo um pouco mais de caldo de legumes."],"ingredientes":["75g de polvo cozido fatiado","75g de aneis de lula","90g de camar\u00f5es m\u00e9dios","20g de azeite com ervas","150g de arroz negro (cozido em \u00e1gua e sal, como o arroz branco)","2 colheres de azeite","20g de alho","Sal e pimenta a gosto","1L de caldo de legumes","20g de nozes"]}]